Category,Brand,Product_Name,Rating,Condition,Num_Reviews,Stock,Material_Quality,Warranty_Months,Delivery_Time_Days,Discount_Percent,Popularity_Score,Price
Stationery,Faber-Castell,Notebook,1,Used,102,52,Low,0,11,28,1.02,370.48
Clothes,Uniqlo,Jeans,4,Used,372,24,High,0,6,2,14.88,2788.69
Clothes,Adidas,Jacket,4,New,276,33,High,0,10,11,11.04,9658.62
Clothes,Nike,Hoodie,4,New,58,42,Medium,0,12,27,2.32,2444.37
Phone,Tecno,Redmi Note 11,5,Used,562,55,Medium,6,5,2,28.1,410332.57
Phone,Samsung,Redmi Note 11,3,New,600,60,High,3,2,13,18,427887.14
Stationery,Pilot,Ruler,1,Used,508,8,Medium,0,3,46,5.08,1165.4
Utensils,Hawkins,Frying Pan,3,Used,105,4,High,3,2,28,3.15,1136.97
Utensils,Pigeon,Cooking Pot,2,New,815,15,High,12,14,7,16.3,17747.92
Stationery,Bic,Stapler,1,Used,52,24,Low,0,9,25,0.52,374.48
Stationery,Bic,Ball Pen,3,New,812,65,High,0,7,24,24.36,2671.02
Utensils,Tefal,Frying Pan,4,New,138,81,High,6,3,7,5.52,7716.69
Utensils,Cuisinart,Kettle,3,New,27,7,Medium,12,8,8,0.81,11810.04
Clothes,Zara,T-Shirt,4,New,727,37,High,0,12,34,29.08,10645.52
Phone,Tecno,Camon 20,3,Used,738,47,High,0,3,13,22.14,160084.77
Utensils,Tefal,Frying Pan,1,New,553,77,High,0,7,31,5.53,10806.64
Stationery,Pilot,Marker,3,New,406,15,Medium,0,13,42,12.18,1288.76
Clothes,Nike,Jacket,3,Used,681,45,High,0,12,5,20.43,23028.35
Utensils,Prestige,Cooking Pot,5,Used,347,89,High,0,14,38,17.35,5010.22
Clothes,H&M,Hoodie,3,New,455,27,Medium,0,14,8,13.65,32717.04
Stationery,Paper Mate,Ball Pen,2,Used,826,32,High,0,8,31,16.52,941.3
Phone,Xiaomi,Hot 30,5,New,612,56,Low,0,11,16,30.6,212291.68
Utensils,Tefal,Cutlery Set,3,Used,224,1,High,3,14,18,6.72,3296.37
Clothes,Zara,Jacket,1,Used,183,17,High,0,8,37,1.83,20015.78
Stationery,Faber-Castell,Notebook,3,New,143,97,Medium,0,12,8,4.29,2110.48
Utensils,Prestige,Frying Pan,4,New,763,59,High,3,3,35,30.52,9317.56
Stationery,Pilot,Marker,3,New,863,71,High,0,1,40,25.89,1904.1
Phone,Infinix,Camon 20,4,New,640,11,High,0,9,27,25.6,341227.02
Stationery,Bic,Notebook,5,New,763,16,High,0,9,25,38.15,2313.22
Stationery,Pilot,Ball Pen,5,New,253,12,Medium,0,5,4,12.65,2699.14
Phone,Samsung,Camon 20,4,Used,98,19,Medium,12,3,47,3.92,246514.55
Utensils,Hawkins,Kettle,1,New,851,99,Low,0,14,47,8.51,6528.37
Utensils,Prestige,Pressure Cooker,2,Used,877,82,Low,6,6,1,17.54,3566.06
Stationery,Paper Mate,Stapler,3,Used,276,48,High,0,8,19,8.28,1092.43
Clothes,Uniqlo,T-Shirt,2,Used,459,59,High,0,7,21,9.18,10996.9
Clothes,Zara,T-Shirt,3,New,282,27,High,0,5,33,8.46,31536.23
Stationery,Faber-Castell,Ball Pen,5,New,452,61,Medium,0,3,47,22.6,1762.99
Utensils,Pigeon,Cooking Pot,2,New,372,6,High,0,12,34,7.44,9288.88
Clothes,Nike,Sneakers,5,New,606,99,High,0,4,32,30.3,11101.22
Phone,Tecno,Hot 30,2,Used,982,33,High,0,2,2,19.64,389224.8
Utensils,Hawkins,Cutlery Set,2,Used,791,32,Low,3,6,46,15.82,719.45
Utensils,Pigeon,Cutlery Set,1,New,103,33,High,24,11,8,1.03,6362.85
Stationery,Faber-Castell,Marker,2,New,817,25,Low,0,13,23,16.34,2271.31
Stationery,Staples,Ball Pen,4,New,684,20,High,0,8,0,27.36,5769.23
Phone,Tecno,Galaxy A23,1,New,971,87,High,3,12,14,9.71,221558.97
Clothes,H&M,Jacket,2,Used,189,22,High,0,1,21,3.78,20364.43
Stationery,Staples,Ball Pen,3,Used,571,5,Medium,0,4,38,17.13,2093.73
Utensils,Pigeon,Cutlery Set,1,Used,819,16,High,12,2,12,8.19,10344.27
Phone,Apple,iPhone 13,4,Used,57,55,High,3,5,25,2.28,24941.79
Utensils,Hawkins,Pressure Cooker,4,New,640,58,Medium,0,2,0,25.6,15225
Utensils,Cuisinart,Frying Pan,2,Used,998,64,High,24,6,4,19.96,1645.73
Utensils,Prestige,Frying Pan,1,Used,85,57,High,12,14,28,0.85,7228.76
Clothes,Zara,Sneakers,4,New,203,16,Low,0,10,25,8.12,22837.34
Stationery,Faber-Castell,Ball Pen,5,Used,22,10,Low,0,4,4,1.1,2924.54
Stationery,Faber-Castell,Marker,5,New,324,4,High,0,8,15,16.2,1434.76
Phone,Xiaomi,Camon 20,5,New,663,12,Medium,12,3,49,33.15,215325.26
Stationery,Bic,Marker,5,New,834,65,Medium,0,8,32,41.7,3650.24
Utensils,Prestige,Cooking Pot,1,Used,11,95,High,24,2,45,0.11,6652.76
Phone,Infinix,Galaxy A23,3,New,417,7,High,24,10,3,12.51,199703.99
Clothes,H&M,Hoodie,4,New,419,89,High,0,13,20,16.76,43820.7
Stationery,Bic,Ruler,1,New,191,99,High,0,3,48,1.91,1360.62
Stationery,Faber-Castell,Ruler,2,Used,735,37,High,0,1,11,14.7,2830.03
Stationery,Bic,Marker,1,New,728,86,Medium,0,11,12,7.28,708.84
Phone,Apple,iPhone 13,5,New,914,76,High,12,7,8,45.7,563115.56
Utensils,Tefal,Pressure Cooker,2,Used,143,69,High,0,12,34,2.86,1113.74
Stationery,Staples,Stapler,1,New,108,53,Low,0,10,41,1.08,791.4
Phone,Tecno,Galaxy A23,5,New,732,75,High,0,12,17,36.6,185491.2
Utensils,Tefal,Cooking Pot,1,New,252,7,High,3,13,45,2.52,10304.12
Phone,Infinix,Redmi Note 11,3,New,28,37,Medium,24,3,37,0.84,118127.52
Phone,Xiaomi,iPhone 13,2,Used,216,45,High,12,4,3,4.32,36769.9
Clothes,Zara,T-Shirt,1,Used,713,90,High,0,7,18,7.13,24885.24
Stationery,Faber-Castell,Marker,5,New,637,58,High,0,12,19,31.85,1366.26
Phone,Infinix,Camon 20,1,New,934,1,High,12,13,2,9.34,88898.46
Phone,Samsung,Galaxy A23,3,New,368,25,High,24,6,32,11.04,304409.82
Utensils,Pigeon,Frying Pan,3,Used,671,45,Medium,24,5,46,20.13,4930.06
Stationery,Paper Mate,Notebook,5,Used,46,49,Low,0,1,13,2.3,2126.48
Clothes,Adidas,Hoodie,1,New,11,74,High,0,8,31,0.11,18415.69
Utensils,Tefal,Cutlery Set,3,New,347,36,High,3,8,25,10.41,4813.88
Utensils,Cuisinart,Kettle,5,New,703,27,Low,0,9,16,35.15,2146.36
Clothes,Adidas,T-Shirt,4,New,546,6,High,0,3,17,21.84,12592.83
Utensils,Prestige,Cutlery Set,4,New,118,33,High,0,2,0,4.72,9205.35
Phone,Xiaomi,iPhone 13,3,Used,794,49,High,3,1,12,23.82,80218.71
Phone,Apple,iPhone 13,4,Used,517,92,High,24,5,16,20.68,205709.01
Phone,Samsung,Hot 30,3,Used,457,83,Medium,0,5,16,13.71,37051.56
Stationery,Bic,Marker,4,Used,448,32,High,0,12,33,17.92,1145.84
Utensils,Prestige,Cutlery Set,5,Used,437,3,High,0,12,49,21.85,7760.09
Phone,Infinix,Camon 20,3,Used,852,14,High,6,11,1,25.56,259800.97
Stationery,Staples,Ruler,1,Used,858,51,Medium,0,4,33,8.58,777.31
Phone,Tecno,iPhone 13,3,New,562,81,Medium,12,13,4,16.86,516519.36
Clothes,Nike,Hoodie,3,New,545,6,High,0,13,1,16.35,16351.33
Clothes,Nike,T-Shirt,5,New,110,23,Low,0,11,15,5.5,40741.22
Phone,Apple,Redmi Note 11,1,Used,280,67,High,6,3,31,2.8,139573.88
Clothes,Zara,Hoodie,4,Used,4,82,Low,0,10,27,0.16,14191.52
Clothes,H&M,Jeans,4,New,944,78,High,0,13,25,37.76,23063.04
Stationery,Paper Mate,Ball Pen,3,New,213,56,Medium,0,11,29,6.39,1814.05
Stationery,Bic,Ball Pen,4,Used,252,52,High,0,8,14,10.08,1971.96
Utensils,Cuisinart,Pressure Cooker,3,New,665,14,Medium,6,3,6,19.95,8152.62
Stationery,Faber-Castell,Ball Pen,5,Used,805,99,Medium,0,9,14,40.25,1692.8
Phone,Tecno,Galaxy A23,2,Used,230,86,High,12,14,25,4.6,157871.49
Stationery,Paper Mate,Marker,5,Used,393,67,High,0,13,40,19.65,2520.64
Clothes,H&M,T-Shirt,2,Used,935,83,High,0,9,41,18.7,9327.56
Phone,Tecno,Camon 20,5,Used,965,33,High,12,5,21,48.25,134078.14
Phone,Infinix,Galaxy A23,5,New,542,40,Low,3,4,36,27.1,211350.59
Phone,Xiaomi,Hot 30,5,Used,117,94,Low,0,3,37,5.85,266681.06
Phone,Xiaomi,iPhone 13,4,New,139,47,High,24,10,0,5.56,36864.14
Clothes,H&M,Jacket,2,Used,672,6,High,0,8,49,13.44,8419.36
Stationery,Bic,Stapler,2,New,167,2,High,0,1,19,3.34,2820.37
Phone,Infinix,Hot 30,3,Used,910,24,Medium,6,7,37,27.3,36009.69
Utensils,Hawkins,Cooking Pot,4,New,333,75,Medium,12,2,8,13.32,11743.66
Clothes,Uniqlo,Hoodie,5,Used,571,64,High,0,8,28,28.55,30639.47
Clothes,Adidas,Sneakers,4,New,378,78,High,0,14,25,15.12,14778.23
Clothes,Zara,Jacket,4,New,401,40,Medium,0,7,7,16.04,14602.58
Phone,Samsung,Galaxy A23,2,New,664,17,Medium,3,7,32,13.28,285271.66
Phone,Apple,Camon 20,2,New,38,51,High,6,6,5,0.76,125727.82
Stationery,Paper Mate,Ball Pen,1,Used,922,36,Low,0,6,28,9.22,994.04
Phone,Apple,Galaxy A23,1,Used,833,10,Medium,3,11,4,8.33,116355.73
Phone,Infinix,Camon 20,5,New,947,56,Medium,24,13,14,47.35,147678.17
Utensils,Pigeon,Pressure Cooker,1,Used,684,2,High,6,3,26,6.84,1687.63
Phone,Tecno,Redmi Note 11,2,New,253,74,High,3,6,39,5.06,67618.78
Phone,Tecno,iPhone 13,5,Used,140,62,Medium,0,9,17,7,147118.49
Stationery,Staples,Marker,3,New,323,5,High,0,8,36,9.69,776.51
Stationery,Staples,Stapler,4,New,904,51,High,0,14,28,36.16,3573.39
Utensils,Pigeon,Cutlery Set,3,New,406,1,High,24,5,45,12.18,1726.67
Clothes,Adidas,Jeans,3,Used,949,55,Medium,0,5,39,28.47,4590.86
Phone,Samsung,Hot 30,1,Used,936,35,High,6,10,24,9.36,268882.31
Phone,Xiaomi,Redmi Note 11,4,Used,528,43,Medium,6,11,43,21.12,223546.5
Utensils,Cuisinart,Frying Pan,2,Used,855,33,High,6,13,48,17.1,7820.81
Utensils,Cuisinart,Frying Pan,3,New,360,49,High,12,6,19,10.8,2458.27
Clothes,H&M,Sneakers,5,New,140,94,High,0,3,22,7,29224.77
Stationery,Pilot,Notebook,2,New,284,49,High,0,13,44,5.68,742.03
Utensils,Hawkins,Frying Pan,5,New,174,66,Medium,3,1,27,8.7,10713.63
Clothes,Nike,Jacket,1,New,870,3,High,0,10,31,8.7,13278.1
Stationery,Bic,Marker,2,New,7,65,High,0,8,2,0.14,846.93
Stationery,Bic,Ball Pen,2,Used,578,51,High,0,12,32,11.56,1425.67
Stationery,Pilot,Stapler,2,New,490,16,Medium,0,4,3,9.8,1218.22
Clothes,Nike,Jeans,1,Used,977,7,Medium,0,7,9,9.77,3194.24
Stationery,Bic,Notebook,3,New,284,60,Medium,0,2,17,8.52,3398.02
Clothes,H&M,Jacket,3,Used,385,67,Medium,0,7,22,11.55,10359.09
Utensils,Tefal,Kettle,3,Used,904,98,Low,12,3,43,27.12,6661.24
Stationery,Paper Mate,Stapler,1,Used,720,81,High,0,9,13,7.2,388.5
Stationery,Faber-Castell,Marker,5,New,757,22,High,0,14,42,37.85,1807.84
Phone,Xiaomi,Redmi Note 11,1,New,609,87,High,3,11,36,6.09,347384.51
Clothes,Uniqlo,Jacket,2,Used,676,25,Medium,0,10,37,13.52,20147.86
Clothes,H&M,Sneakers,3,Used,645,91,Medium,0,2,39,19.35,4857.43
Stationery,Faber-Castell,Ball Pen,4,Used,475,62,Medium,0,2,45,19,834.19
Phone,Apple,Redmi Note 11,2,Used,28,21,High,6,8,10,0.56,161171.41
Clothes,Zara,Jacket,4,New,622,24,High,0,5,21,24.88,22621.46
Clothes,Adidas,Hoodie,5,New,750,20,High,0,3,18,37.5,26846.95
Phone,Apple,Redmi Note 11,5,New,481,73,Medium,24,2,25,24.05,485344.2
Stationery,Pilot,Ball Pen,4,Used,41,25,Low,0,3,38,1.64,824.66
Utensils,Cuisinart,Frying Pan,1,New,101,98,High,24,3,11,1.01,15606.92
Utensils,Pigeon,Cutlery Set,2,New,568,55,High,6,12,48,11.36,6707.73
Phone,Samsung,iPhone 13,2,New,726,80,High,0,8,5,14.52,215260.96
Phone,Tecno,iPhone 13,2,New,46,32,High,0,7,9,0.92,331330
Clothes,H&M,Sneakers,4,Used,781,79,High,0,9,6,31.24,9547.19
Stationery,Bic,Marker,1,Used,593,95,High,0,4,29,5.93,2598.32
Utensils,Tefal,Cooking Pot,1,Used,272,14,Medium,6,8,30,2.72,1639.98
Utensils,Hawkins,Frying Pan,4,Used,982,39,High,0,8,14,39.28,6280.14
Clothes,Adidas,Hoodie,5,New,15,42,Medium,0,14,43,0.75,7211.75
Utensils,Pigeon,Kettle,3,New,413,13,Medium,6,2,12,12.39,17086.08
Stationery,Faber-Castell,Ruler,1,Used,476,62,Medium,0,9,43,4.76,489.29
Utensils,Pigeon,Cutlery Set,5,New,576,94,High,24,3,48,28.8,720.43
Clothes,Nike,T-Shirt,5,Used,957,37,High,0,1,24,47.85,5575.79
Utensils,Tefal,Pressure Cooker,4,New,60,43,High,6,7,5,2.4,5007.85
Phone,Tecno,iPhone 13,1,New,365,74,Low,0,2,42,3.65,69038.52
Phone,Infinix,Hot 30,5,Used,258,6,Medium,0,5,4,12.9,79968.09
Stationery,Paper Mate,Stapler,4,Used,689,82,Medium,0,8,16,27.56,768.19
Phone,Xiaomi,iPhone 13,5,New,579,14,Medium,6,2,36,28.95,79946.24
Clothes,Zara,Jacket,4,New,920,98,Medium,0,10,11,36.8,17367.68
Phone,Xiaomi,Redmi Note 11,5,New,974,38,High,24,11,7,48.7,160036.79
Stationery,Faber-Castell,Ball Pen,3,New,972,28,Low,0,13,4,29.16,3119.9
Phone,Xiaomi,Redmi Note 11,3,Used,223,62,High,3,3,28,6.69,89422.16
Clothes,Zara,Sneakers,3,Used,748,33,Medium,0,8,5,22.44,13571.42
Clothes,Uniqlo,Hoodie,1,Used,815,41,Medium,0,11,12,8.15,11203.08
Phone,Tecno,Galaxy A23,4,Used,132,45,High,3,7,30,5.28,356729.56
Stationery,Paper Mate,Ball Pen,1,New,81,2,Medium,0,13,13,0.81,2832.11
Stationery,Faber-Castell,Stapler,1,Used,112,17,Medium,0,2,39,1.12,511.73
Stationery,Faber-Castell,Marker,1,Used,454,74,High,0,2,40,4.54,485.19
Clothes,H&M,Jacket,2,Used,988,22,High,0,4,3,19.76,6307.43
Utensils,Hawkins,Frying Pan,4,New,905,65,High,6,10,21,36.2,11806.19
Stationery,Faber-Castell,Notebook,2,Used,762,99,Medium,0,7,11,15.24,2329.54
Stationery,Faber-Castell,Ball Pen,4,New,737,29,High,0,1,3,29.48,1552.81
Phone,Infinix,Redmi Note 11,3,Used,156,75,High,12,2,31,4.68,188084.59
Clothes,Zara,Hoodie,2,New,975,59,High,0,6,19,19.5,29791.65
Stationery,Bic,Ruler,1,New,526,34,High,0,1,34,5.26,1508.7
Clothes,Uniqlo,Jeans,1,New,491,80,Low,0,8,26,4.91,25379.2
Stationery,Staples,Stapler,1,New,604,53,Medium,0,11,7,6.04,4138.13
Phone,Samsung,Galaxy A23,4,New,939,53,Medium,3,12,23,37.56,291790.88
Stationery,Faber-Castell,Stapler,3,New,851,9,Medium,0,9,37,25.53,2701.44
Clothes,H&M,Hoodie,2,Used,788,18,Medium,0,2,29,15.76,21585.4
Stationery,Staples,Stapler,4,Used,800,41,Low,0,11,7,32,1165.17
Clothes,Uniqlo,T-Shirt,2,Used,45,32,High,0,6,14,0.9,20096.46
Stationery,Staples,Stapler,5,Used,864,2,High,0,1,32,43.2,949.15
Utensils,Hawkins,Kettle,4,New,89,46,Medium,3,2,49,3.56,3796.7
Stationery,Staples,Ruler,4,Used,316,67,Medium,0,9,5,12.64,915.11
Clothes,Adidas,Jacket,2,New,317,84,Medium,0,11,46,6.34,15200.19
Clothes,Adidas,Jacket,4,Used,207,4,High,0,10,5,8.28,20176.98
Phone,Samsung,Redmi Note 11,3,Used,11,87,High,0,13,11,0.33,70521.52
Stationery,Paper Mate,Notebook,4,New,630,53,High,0,3,31,25.2,1983.61
Phone,Apple,Redmi Note 11,5,Used,722,22,High,0,8,36,36.1,258730.5
Stationery,Pilot,Stapler,5,Used,958,79,High,0,7,32,47.9,427.83
Phone,Infinix,iPhone 13,1,Used,804,4,High,12,12,27,8.04,179438.6
Clothes,Zara,T-Shirt,2,New,417,36,Medium,0,7,5,8.34,43537.5
Stationery,Paper Mate,Ball Pen,5,New,529,40,High,0,1,20,26.45,2562.3
Phone,Tecno,Hot 30,2,Used,598,42,High,3,14,43,11.96,122259.65
Utensils,Hawkins,Pressure Cooker,3,New,827,14,High,12,9,38,24.81,2123.07
Stationery,Paper Mate,Notebook,1,Used,162,5,High,0,8,0,1.62,2945.57
Clothes,Zara,Hoodie,2,New,9,67,High,0,10,13,0.18,12803.56
Phone,Xiaomi,Redmi Note 11,3,Used,132,20,High,12,11,7,3.96,306551.61
Stationery,Bic,Ruler,1,New,996,76,Medium,0,1,36,9.96,1556.93
Phone,Samsung,Hot 30,3,New,718,6,Low,24,11,43,21.54,33194.69
Utensils,Cuisinart,Pressure Cooker,5,Used,968,37,High,24,10,19,48.4,9263.33
Phone,Apple,Galaxy A23,5,New,836,33,Medium,12,3,48,41.8,159302
Phone,Xiaomi,Hot 30,3,Used,810,98,High,24,2,24,24.3,108193.7
Utensils,Tefal,Pressure Cooker,1,New,851,23,Low,3,4,44,8.51,4629.44
Phone,Infinix,Camon 20,5,New,775,29,Low,24,6,31,38.75,53500.39
Clothes,Adidas,Jeans,1,Used,537,8,High,0,8,46,5.37,14783.52
Stationery,Bic,Ball Pen,4,Used,975,14,High,0,5,47,39,1878.37
Clothes,Uniqlo,Jeans,3,Used,965,63,Medium,0,1,8,28.95,16138.41
Clothes,Uniqlo,Jeans,4,Used,380,4,Medium,0,3,37,15.2,4997.23
Utensils,Hawkins,Cutlery Set,2,New,330,1,High,0,14,23,6.6,4671.8
Clothes,Nike,Sneakers,2,Used,142,21,High,0,12,18,2.84,24629.97
Stationery,Pilot,Notebook,3,New,866,72,High,0,14,45,25.98,2110.85
Stationery,Paper Mate,Marker,4,New,2,85,Medium,0,8,25,0.08,1927.01
Clothes,Adidas,Sneakers,4,Used,664,12,Medium,0,2,4,26.56,10415.19
Clothes,H&M,Jeans,5,New,42,48,High,0,6,22,2.1,28301.73
Clothes,Zara,Jeans,4,Used,618,80,High,0,5,46,24.72,16638.82
Phone,Infinix,Galaxy A23,1,Used,788,13,High,3,3,21,7.88,177881.95
Clothes,Uniqlo,Jeans,1,New,493,27,High,0,12,28,4.93,32532.9
Utensils,Hawkins,Pressure Cooker,3,New,588,4,Medium,6,9,25,17.64,14807.25
Stationery,Bic,Marker,3,Used,240,42,High,0,8,41,7.2,2207.48
Clothes,Uniqlo,Hoodie,1,Used,171,45,Medium,0,11,41,1.71,8585.11
Utensils,Pigeon,Cutlery Set,2,New,520,15,High,3,8,9,10.4,6937.18
Clothes,Uniqlo,Sneakers,4,Used,719,49,Medium,0,11,25,28.76,28296.02
Utensils,Tefal,Kettle,1,New,856,18,Low,3,4,18,8.56,11866.6
Phone,Xiaomi,Hot 30,2,New,107,98,High,24,7,32,2.14,56211.3
Stationery,Paper Mate,Stapler,2,New,654,35,High,0,7,27,13.08,876.51
Phone,Tecno,Redmi Note 11,3,Used,589,77,High,6,2,24,17.67,292209.58
Utensils,Hawkins,Kettle,1,Used,530,68,High,3,6,25,5.3,7281.71
Clothes,Zara,T-Shirt,4,Used,675,3,Low,0,8,8,27,8013.84
Stationery,Bic,Ball Pen,2,Used,827,2,High,0,12,4,16.54,2386.8
Stationery,Faber-Castell,Stapler,2,Used,811,58,High,0,6,2,16.22,2269.53
Clothes,Adidas,Jacket,2,New,263,22,Low,0,10,43,5.26,22334.28
Utensils,Tefal,Cutlery Set,1,New,310,80,Medium,0,14,41,3.1,4313.31
Phone,Samsung,Galaxy A23,1,Used,514,16,Low,12,13,29,5.14,76086.63
Utensils,Pigeon,Cutlery Set,4,New,285,21,High,3,6,19,11.4,11248.12
Stationery,Staples,Marker,3,New,459,38,High,0,13,33,13.77,1548.44
Utensils,Tefal,Frying Pan,3,Used,340,2,Low,0,9,26,10.2,9147.39
Stationery,Paper Mate,Ruler,4,New,310,6,Medium,0,6,34,12.4,514.9
Phone,Tecno,iPhone 13,3,Used,238,49,Medium,3,6,41,7.14,53616
Phone,Xiaomi,Galaxy A23,4,New,133,67,High,12,7,15,5.32,583894.83
Phone,Infinix,Galaxy A23,4,New,674,66,High,6,2,26,26.96,199983.56
Phone,Apple,Camon 20,4,New,961,25,Low,0,4,32,38.44,162138.9
Utensils,Cuisinart,Frying Pan,5,New,435,3,Medium,0,9,34,21.75,13009.92
Clothes,Nike,Sneakers,5,Used,78,68,High,0,12,44,3.9,5531.94
Phone,Xiaomi,Camon 20,1,New,542,78,High,24,2,19,5.42,472760.15
Clothes,Nike,Jacket,5,New,42,2,Medium,0,3,22,2.1,14438.42
Utensils,Pigeon,Pressure Cooker,2,New,641,11,High,0,13,49,12.82,3436.46
Phone,Tecno,Redmi Note 11,1,New,155,62,High,12,3,45,1.55,324443.59
Phone,Tecno,Hot 30,1,Used,358,52,High,12,4,28,3.58,262811.03
Stationery,Faber-Castell,Ruler,3,New,482,7,High,0,12,26,14.46,2560.03
Stationery,Pilot,Marker,1,New,509,55,High,0,14,1,5.09,3144.16
Phone,Infinix,Galaxy A23,2,New,887,39,High,24,1,4,17.74,352621.79
Phone,Apple,Hot 30,3,New,172,32,High,6,1,35,5.16,352886.11
Phone,Samsung,Hot 30,3,Used,707,34,Medium,3,12,47,21.21,106450.31
Clothes,H&M,Sneakers,4,New,191,17,High,0,9,8,7.64,7046.1
Utensils,Prestige,Kettle,1,New,788,28,Medium,3,7,10,7.88,14144.22
Utensils,Hawkins,Pressure Cooker,2,New,912,60,High,24,8,22,18.24,8332.77
Clothes,Uniqlo,Jacket,3,Used,844,72,High,0,11,22,25.32,5619.51
Phone,Xiaomi,Camon 20,3,New,147,21,Medium,12,10,39,4.41,264180.02
Utensils,Pigeon,Kettle,3,New,390,28,High,24,10,42,11.7,7502.24
Utensils,Hawkins,Cutlery Set,4,New,319,10,High,0,12,37,12.76,9331.38
Phone,Xiaomi,Camon 20,5,Used,803,68,Medium,0,9,13,40.15,374927.59
Phone,Apple,Camon 20,4,Used,651,91,High,24,2,39,26.04,285729.36
Clothes,H&M,Jacket,5,New,935,18,High,0,9,8,46.75,46436.02
Utensils,Pigeon,Cooking Pot,1,Used,413,84,High,6,12,20,4.13,10104.82
Stationery,Staples,Notebook,4,New,779,47,High,0,5,17,31.16,767.88
Stationery,Staples,Ruler,1,Used,662,96,High,0,6,10,6.62,1124.22
Clothes,H&M,T-Shirt,1,Used,780,82,Medium,0,13,1,7.8,14620.82
Stationery,Staples,Ruler,3,Used,43,77,Medium,0,11,21,1.29,977.42
Clothes,Uniqlo,T-Shirt,1,Used,18,23,High,0,14,28,0.18,17704.93
Stationery,Bic,Ruler,5,Used,361,58,High,0,8,15,18.05,716.36
Phone,Tecno,Redmi Note 11,5,New,482,96,High,6,2,41,24.1,78601.82
Stationery,Pilot,Ruler,5,Used,936,13,High,0,4,8,46.8,2761.47
Phone,Infinix,Hot 30,2,Used,973,14,High,0,5,33,19.46,69930.07
Phone,Apple,Camon 20,5,Used,210,58,Low,12,13,3,10.5,416204.85
Clothes,Zara,T-Shirt,5,New,821,21,Medium,0,6,9,41.05,36884.85
Phone,Samsung,Camon 20,1,Used,515,93,High,24,3,13,5.15,265189.32
Phone,Tecno,Redmi Note 11,5,New,161,30,Low,12,3,17,8.05,371364.85
Phone,Tecno,Redmi Note 11,5,Used,877,83,Medium,24,8,21,43.85,225127.41
Phone,Infinix,Galaxy A23,4,Used,431,45,High,0,14,35,17.24,50332.78
Utensils,Hawkins,Cooking Pot,2,New,475,47,High,12,9,10,9.5,12682.64
Phone,Xiaomi,Camon 20,2,New,259,20,Medium,12,11,47,5.18,110009.72
Stationery,Pilot,Ball Pen,2,Used,504,61,Medium,0,2,9,10.08,2735.24
Stationery,Paper Mate,Stapler,3,New,709,81,Medium,0,3,44,21.27,585.76
Stationery,Faber-Castell,Stapler,1,Used,580,93,High,0,4,36,5.8,1279.84
Stationery,Paper Mate,Notebook,3,Used,637,39,High,0,3,49,19.11,1640.95
Utensils,Hawkins,Kettle,3,New,181,46,High,0,12,43,5.43,6312.01
Stationery,Pilot,Stapler,5,Used,617,30,High,0,12,21,30.85,1612.23
Utensils,Prestige,Kettle,1,Used,847,16,Medium,0,10,30,8.47,1591.11
Phone,Infinix,Galaxy A23,5,New,874,57,High,3,4,20,43.7,566250.96
Clothes,Zara,Jacket,3,New,671,75,Low,0,8,19,20.13,32734.29
Stationery,Pilot,Ruler,3,Used,491,14,Low,0,10,36,14.73,1533
Phone,Tecno,Galaxy A23,5,New,304,19,High,12,5,24,15.2,351912.53
Phone,Tecno,Redmi Note 11,5,Used,326,86,High,24,1,32,16.3,335203.07
Utensils,Hawkins,Pressure Cooker,4,New,176,17,High,3,6,33,7.04,14642.02
Stationery,Paper Mate,Ball Pen,2,New,21,57,High,0,10,1,0.42,3783.35
Clothes,H&M,Jacket,3,New,935,38,Medium,0,3,9,28.05,34236.02
Stationery,Staples,Ruler,3,New,31,7,High,0,4,20,0.93,2896.08
Utensils,Pigeon,Frying Pan,2,Used,627,92,Medium,24,11,13,12.54,4715.8
Clothes,H&M,Hoodie,3,New,65,25,High,0,8,2,1.95,48478.74
Utensils,Cuisinart,Pressure Cooker,1,Used,790,89,High,6,11,49,7.9,2513.94
Clothes,H&M,Sneakers,2,Used,919,92,High,0,4,40,18.38,4419.82
Clothes,H&M,Hoodie,1,Used,827,84,High,0,12,5,8.27,15766.53
Phone,Infinix,Redmi Note 11,5,Used,874,40,Medium,12,1,37,43.7,276721.63
Clothes,Zara,Jeans,3,New,612,4,High,0,6,29,18.36,14174.37
Stationery,Paper Mate,Stapler,2,New,128,63,High,0,7,44,2.56,832.74
Phone,Apple,iPhone 13,5,Used,505,95,Medium,0,5,26,25.25,54655.37
Utensils,Tefal,Pressure Cooker,1,Used,665,5,High,12,13,34,6.65,766.78
Clothes,Uniqlo,Sneakers,4,Used,939,11,High,0,12,1,37.56,17849.43
Clothes,Uniqlo,Sneakers,2,Used,130,76,High,0,14,27,2.6,13628.38
Phone,Xiaomi,iPhone 13,1,Used,306,47,High,6,10,17,3.06,70522.23
Utensils,Pigeon,Kettle,3,New,836,11,High,6,11,29,25.08,4356.42
Stationery,Pilot,Notebook,2,New,935,28,High,0,7,46,18.7,2662.93
Utensils,Tefal,Kettle,5,New,854,63,Low,3,4,2,42.7,17785.71
Stationery,Pilot,Notebook,5,Used,301,14,High,0,12,35,15.05,2643.24
Utensils,Hawkins,Cutlery Set,5,New,209,97,Low,6,11,5,10.45,1073.11
Clothes,Uniqlo,T-Shirt,3,Used,611,72,High,0,3,34,18.33,6673.68
Stationery,Faber-Castell,Marker,5,Used,855,14,High,0,6,25,42.75,3274.9
Clothes,Nike,Jeans,5,Used,274,73,High,0,4,27,13.7,21808.11
Phone,Tecno,iPhone 13,5,New,507,19,High,24,4,46,25.35,297212.71
Clothes,Adidas,T-Shirt,2,Used,319,33,High,0,14,24,6.38,6662.18
Clothes,Adidas,Jeans,1,New,67,92,High,0,2,7,0.67,40116.74
Stationery,Faber-Castell,Ruler,3,New,694,16,High,0,14,28,20.82,1651.32
Stationery,Pilot,Marker,4,New,766,21,High,0,4,4,30.64,2820.79
Clothes,Uniqlo,Sneakers,2,Used,444,9,High,0,3,3,8.88,30823.69
Stationery,Bic,Notebook,5,New,587,46,Medium,0,9,46,29.35,537.57
Utensils,Prestige,Kettle,2,Used,532,51,Low,0,4,37,10.64,3750.35
Utensils,Cuisinart,Kettle,2,Used,405,76,Low,12,3,44,8.1,6964.91
Utensils,Cuisinart,Cutlery Set,1,Used,768,72,High,0,6,22,7.68,5800.87
Utensils,Cuisinart,Kettle,1,New,466,65,High,0,13,28,4.66,4852.74
Phone,Xiaomi,Hot 30,1,New,652,61,Medium,0,1,37,6.52,198847.47
Stationery,Bic,Ball Pen,5,Used,864,90,Medium,0,5,38,43.2,2159.28
Phone,Tecno,Galaxy A23,4,Used,232,9,Low,0,5,23,9.28,319934.39
Stationery,Pilot,Stapler,4,Used,182,41,Medium,0,13,38,7.28,925.55
Stationery,Faber-Castell,Ruler,5,New,126,46,High,0,1,44,6.3,2374.31
Stationery,Faber-Castell,Marker,1,New,267,61,High,0,1,47,2.67,2004.88
Stationery,Staples,Stapler,5,Used,519,25,Medium,0,14,26,25.95,744.63
Stationery,Pilot,Marker,1,Used,849,18,High,0,4,1,8.49,1798.81
Phone,Infinix,Hot 30,3,New,750,28,High,0,4,39,22.5,313776.38
Clothes,H&M,Jacket,2,Used,934,2,High,0,9,28,18.68,20172.41
Phone,Samsung,Redmi Note 11,3,New,117,73,Medium,6,12,38,3.51,274508.1
Utensils,Tefal,Cooking Pot,2,New,911,94,Low,0,2,39,18.22,10352.77
Utensils,Tefal,Cutlery Set,3,New,234,65,High,24,10,44,7.02,4967.42
Phone,Samsung,Redmi Note 11,1,Used,278,24,High,24,12,37,2.78,193295.97
Utensils,Pigeon,Cooking Pot,1,Used,948,30,Low,6,2,43,9.48,6170.63
Stationery,Faber-Castell,Ball Pen,2,Used,671,57,High,0,12,35,13.42,1439.47
Utensils,Hawkins,Frying Pan,4,Used,567,65,High,6,4,0,22.68,2157.31
Utensils,Pigeon,Kettle,5,New,478,91,High,0,1,10,23.9,14103.64
Stationery,Paper Mate,Notebook,2,Used,627,56,High,0,6,11,12.54,1520.47
Utensils,Pigeon,Cooking Pot,2,New,375,88,Medium,24,11,2,7.5,11941.01
Phone,Infinix,Redmi Note 11,3,Used,817,6,High,3,5,14,24.51,107295.37
Clothes,H&M,T-Shirt,5,New,645,68,Low,0,12,17,32.25,23313.27
Stationery,Paper Mate,Ruler,4,Used,499,17,Medium,0,6,44,19.96,1211.16
Clothes,H&M,T-Shirt,4,New,853,53,Medium,0,3,22,34.12,10294.01
Utensils,Cuisinart,Cooking Pot,3,New,496,85,High,24,12,45,14.88,6481.97
Phone,Xiaomi,Camon 20,1,New,384,92,Medium,6,13,23,3.84,410297.58
Stationery,Pilot,Marker,3,New,213,24,High,0,5,18,6.39,1629.91
Clothes,Uniqlo,Jeans,4,Used,656,36,Medium,0,11,18,26.24,16933.18
Utensils,Prestige,Cooking Pot,2,New,245,21,High,12,7,10,4.9,13478.31
Utensils,Prestige,Cooking Pot,5,Used,936,46,Low,0,6,11,46.8,4680.48
Phone,Tecno,Galaxy A23,3,New,581,55,Medium,6,6,35,17.43,293332
Stationery,Bic,Notebook,4,Used,714,64,High,0,1,49,28.56,2021.43
Stationery,Pilot,Ruler,1,Used,750,4,High,0,13,6,7.5,373.81
Phone,Samsung,Hot 30,3,Used,880,97,High,6,8,31,26.4,358591.05
Phone,Samsung,Hot 30,1,New,700,31,Medium,24,2,15,7,127691.5
Phone,Apple,Camon 20,3,New,276,80,Medium,0,2,11,8.28,71063.83
Clothes,Adidas,Sneakers,3,New,369,8,High,0,1,25,11.07,11455.95
Stationery,Bic,Ball Pen,2,Used,24,37,High,0,5,0,0.48,2141.56
Phone,Apple,Galaxy A23,3,Used,256,36,High,0,2,34,7.68,24617.5
Clothes,Nike,Hoodie,5,Used,583,3,High,0,12,13,29.15,19088.66
Stationery,Pilot,Ball Pen,4,New,527,66,Medium,0,1,39,21.08,1279.08
Clothes,H&M,Jacket,2,New,183,31,Medium,0,7,33,3.66,13125.9
Stationery,Paper Mate,Ruler,3,New,893,55,High,0,6,26,26.79,2334.55
Phone,Apple,Galaxy A23,5,Used,669,53,High,6,5,12,33.45,345858.16
Utensils,Hawkins,Cutlery Set,3,Used,182,23,High,3,14,31,5.46,620.4
Utensils,Tefal,Frying Pan,4,Used,177,28,Medium,24,4,45,7.08,1021.2
Utensils,Hawkins,Kettle,3,New,775,82,Medium,3,7,11,23.25,15128.22
Utensils,Tefal,Pressure Cooker,4,New,74,76,High,0,9,48,2.96,2502.7
Phone,Xiaomi,Camon 20,5,New,725,38,High,3,7,16,36.25,199495.94
Utensils,Pigeon,Kettle,4,Used,667,11,Low,6,11,0,26.68,7522.51
Utensils,Hawkins,Frying Pan,5,Used,197,56,Medium,24,3,11,9.85,5325.71
Clothes,Nike,Jeans,4,Used,827,91,High,0,8,24,33.08,6427.42
Utensils,Prestige,Cooking Pot,2,Used,100,33,High,6,12,23,2,3304.63
Stationery,Paper Mate,Stapler,1,Used,978,83,High,0,5,11,9.78,954.07
Clothes,Adidas,Sneakers,2,New,552,99,High,0,2,46,11.04,4714.73
Clothes,Adidas,Jeans,5,Used,12,82,Medium,0,13,36,0.6,14103.88
Clothes,Nike,Jeans,5,New,620,87,High,0,13,44,31,19210.64
Phone,Infinix,Redmi Note 11,4,New,487,54,Medium,24,4,0,19.48,284435.55
Stationery,Staples,Stapler,2,Used,48,54,Medium,0,5,9,0.96,2714.79
Clothes,H&M,Hoodie,2,New,848,14,High,0,3,9,16.96,36065.73
Utensils,Hawkins,Cutlery Set,2,New,779,54,Medium,6,13,23,15.58,11845.18
Utensils,Hawkins,Frying Pan,1,New,229,65,High,12,7,19,2.29,3003.12
Utensils,Hawkins,Frying Pan,1,Used,971,27,Medium,0,11,41,9.71,6340.47
Utensils,Cuisinart,Cutlery Set,3,New,54,58,High,0,4,6,1.62,16430.26
Phone,Tecno,iPhone 13,3,New,372,77,Medium,6,4,6,11.16,384496.66
Clothes,Adidas,T-Shirt,1,Used,503,72,High,0,6,44,5.03,11760.18
Stationery,Paper Mate,Stapler,5,New,225,28,High,0,12,12,11.25,949.8
Phone,Xiaomi,Hot 30,2,Used,644,56,Medium,3,4,31,12.88,137825.48
Phone,Apple,Hot 30,2,Used,198,57,High,3,9,25,3.96,269686.46
Clothes,Uniqlo,Sneakers,3,Used,411,75,Medium,0,1,42,12.33,11273.86
Phone,Infinix,Galaxy A23,1,New,568,47,Medium,3,9,30,5.68,252262.08
Clothes,Adidas,Hoodie,2,Used,360,75,Low,0,2,32,7.2,21628.19
Utensils,Prestige,Cooking Pot,4,New,557,69,High,3,6,5,22.28,3025.12
Phone,Infinix,iPhone 13,1,Used,2,94,High,12,13,5,0.02,116924.84
Phone,Tecno,Hot 30,4,Used,522,95,High,0,12,27,20.88,207261.59
Utensils,Tefal,Frying Pan,5,Used,331,11,High,3,9,36,16.55,978.52
Phone,Samsung,Camon 20,4,New,570,98,High,6,11,16,22.8,95497.76
Phone,Xiaomi,Redmi Note 11,4,Used,7,94,High,0,4,31,0.28,257572.68
Phone,Tecno,Hot 30,3,New,853,93,High,0,12,21,25.59,45710.27
Phone,Samsung,iPhone 13,1,New,937,43,Medium,3,8,20,9.37,130387.68
Utensils,Prestige,Pressure Cooker,5,New,789,27,Medium,12,3,28,39.45,2999.3
Stationery,Staples,Marker,3,New,264,54,High,0,2,26,7.92,3453.8
Phone,Tecno,Camon 20,5,New,604,71,High,12,3,48,30.2,328535.52
Utensils,Cuisinart,Cooking Pot,2,New,115,93,Medium,6,5,19,2.3,11687.17
Utensils,Cuisinart,Cooking Pot,5,New,403,87,High,6,11,9,20.15,12765.05
Utensils,Prestige,Frying Pan,1,New,748,41,High,24,4,28,7.48,8212.17
Utensils,Tefal,Kettle,1,Used,882,19,Medium,3,12,44,8.82,4010.2
Clothes,Uniqlo,T-Shirt,3,Used,398,93,High,0,9,7,11.94,19108.07
Clothes,Adidas,Sneakers,5,New,493,91,Low,0,10,3,24.65,46119.37
Phone,Infinix,Hot 30,1,New,706,24,High,24,8,26,7.06,67716.42
Stationery,Staples,Stapler,4,New,3,67,Medium,0,9,33,0.12,547.32
Utensils,Pigeon,Frying Pan,2,New,580,95,High,24,9,40,11.6,6812.36
Phone,Apple,Hot 30,2,Used,679,7,High,24,6,38,13.58,28624.15
Utensils,Tefal,Kettle,2,New,510,36,High,24,9,46,10.2,2115.56
Clothes,Nike,Jeans,3,Used,868,25,High,0,11,47,26.04,10641.55
Stationery,Pilot,Stapler,4,New,550,16,Medium,0,5,21,22,639.54
Phone,Apple,Redmi Note 11,3,New,798,42,High,3,11,9,23.94,520758.24
Utensils,Hawkins,Pressure Cooker,2,New,650,96,High,0,6,9,13,11514.1
Stationery,Staples,Marker,1,Used,101,65,High,0,3,24,1.01,2041.36
Clothes,Adidas,T-Shirt,5,Used,197,1,Medium,0,7,46,9.85,14920.42
Stationery,Paper Mate,Stapler,2,New,417,41,High,0,9,28,8.34,1401.72
Utensils,Tefal,Frying Pan,3,Used,244,3,High,12,1,16,7.32,3415.98
Clothes,Zara,Jacket,5,Used,962,90,Medium,0,4,14,48.1,27192.08
Clothes,Nike,Sneakers,4,New,418,78,High,0,14,32,16.72,31858.97
Utensils,Cuisinart,Cutlery Set,4,New,888,97,Low,6,8,48,35.52,6787.22
Phone,Samsung,Redmi Note 11,1,Used,239,64,High,12,3,34,2.39,258005.7
Stationery,Paper Mate,Ruler,1,New,427,23,High,0,8,1,4.27,4810.33
Utensils,Cuisinart,Kettle,2,Used,205,56,Medium,6,2,2,4.1,10139.65
Phone,Tecno,Galaxy A23,4,New,282,12,Low,0,6,16,11.28,433900.61
Stationery,Staples,Ball Pen,2,Used,879,19,High,0,5,21,17.58,2482.3
Phone,Tecno,Galaxy A23,5,New,288,13,Medium,6,6,19,14.4,457488.41
Stationery,Bic,Ball Pen,2,New,201,17,Medium,0,6,1,4.02,2339.96
Stationery,Paper Mate,Ruler,4,Used,473,84,Medium,0,1,40,18.92,1746.53
Utensils,Prestige,Pressure Cooker,4,New,97,89,High,12,2,34,3.88,1919.47
Clothes,H&M,Jeans,5,Used,229,20,Low,0,9,26,11.45,16192.16
Stationery,Pilot,Ball Pen,2,New,801,22,Medium,0,6,2,16.02,4371.05
Utensils,Pigeon,Pressure Cooker,4,New,257,29,Medium,6,1,3,10.28,16526.18
Phone,Tecno,iPhone 13,3,Used,247,22,High,0,2,35,7.41,104195.91
Stationery,Bic,Marker,2,New,163,83,High,0,10,0,3.26,2709.68
Clothes,Nike,Jacket,1,Used,927,32,High,0,6,5,9.27,24957
Phone,Infinix,Galaxy A23,4,Used,418,85,Medium,12,12,24,16.72,210886.28
Stationery,Faber-Castell,Ball Pen,4,Used,784,43,High,0,10,40,31.36,472.91
Stationery,Paper Mate,Notebook,1,Used,479,52,High,0,1,46,4.79,1522.38
Clothes,Zara,T-Shirt,1,Used,295,75,Low,0,3,49,2.95,4873.58
Phone,Infinix,iPhone 13,2,New,303,10,Low,6,6,17,6.06,304084.32
Utensils,Tefal,Cutlery Set,4,Used,503,46,High,0,10,2,20.12,1465.01
Phone,Infinix,Camon 20,3,New,720,73,High,0,11,5,21.6,528174.35
Phone,Xiaomi,iPhone 13,5,New,864,54,High,3,9,36,43.2,134689.07
Utensils,Prestige,Cooking Pot,2,New,122,60,High,12,10,37,2.44,10156.37
Stationery,Pilot,Notebook,5,New,529,98,High,0,11,21,26.45,4637.07
Utensils,Prestige,Cooking Pot,1,New,572,54,High,12,4,23,5.72,10871.16
Utensils,Tefal,Pressure Cooker,5,New,933,1,High,24,6,37,46.65,2311.29
Phone,Apple,Redmi Note 11,5,Used,713,92,High,6,2,20,35.65,209638.76
Stationery,Paper Mate,Notebook,4,Used,139,60,Low,0,8,26,5.56,2404.77
Clothes,Adidas,Sneakers,3,Used,813,32,High,0,5,31,24.39,20802.64
Utensils,Cuisinart,Frying Pan,1,New,847,97,High,24,5,48,8.47,1787.39
Clothes,Adidas,Jacket,4,Used,629,5,High,0,7,41,25.16,20214.76
Stationery,Bic,Ruler,1,Used,598,13,High,0,14,31,5.98,1949.09
Clothes,Nike,Hoodie,3,New,484,6,Medium,0,2,43,14.52,25467.6
Clothes,Uniqlo,T-Shirt,2,Used,114,36,High,0,9,33,2.28,13810.48
Clothes,Zara,Sneakers,1,New,146,15,High,0,8,27,1.46,33511.6
Clothes,Uniqlo,Jacket,4,New,288,62,Low,0,3,32,11.52,11351.53
Stationery,Paper Mate,Marker,5,Used,945,98,High,0,6,12,47.25,3160.23
Stationery,Faber-Castell,Stapler,4,Used,432,64,Low,0,7,28,17.28,2088.87
Stationery,Paper Mate,Ball Pen,4,Used,816,53,Medium,0,1,0,32.64,548.72
Clothes,H&M,Jeans,3,Used,540,32,High,0,12,25,16.2,27218.12
Utensils,Tefal,Pressure Cooker,4,New,424,51,High,24,7,40,16.96,4153.84
Clothes,Uniqlo,T-Shirt,4,Used,138,53,High,0,14,45,5.52,18918.53
Utensils,Pigeon,Frying Pan,2,New,647,22,Low,0,12,5,12.94,10000.42
Phone,Samsung,Redmi Note 11,2,Used,684,82,High,24,13,1,13.68,338611.24
Clothes,Zara,Jacket,2,New,322,83,High,0,6,2,6.44,17813.2
Phone,Apple,Camon 20,4,Used,121,95,Medium,6,11,42,4.84,136936.21
Utensils,Tefal,Frying Pan,1,Used,670,98,High,12,9,14,6.7,2731.01
Clothes,Adidas,Jeans,3,Used,806,96,Medium,0,3,16,24.18,14514.38
Clothes,Nike,Jacket,1,Used,264,92,High,0,13,5,2.64,20096.89
Stationery,Pilot,Ball Pen,2,Used,575,90,High,0,10,35,11.5,1093.01
Stationery,Bic,Stapler,5,New,53,16,High,0,8,7,2.65,1636.19
Clothes,H&M,Sneakers,5,New,605,94,High,0,10,11,30.25,32539.61
Phone,Infinix,Galaxy A23,3,New,177,12,Low,3,7,25,5.31,25302.38
